{"cameraMode":{"drawMode":0,"name":"Shaded","section":"Shading Mode"},"sceneLighting":false,"audioPlay":false,"sceneViewState":{"showFog":true,"showMaterialUpdate":false,"showSkybox":true,"showFlares":true,"showImageEffects":true,"showParticleSystems":true},"in2DMode":false,"pivot":{"x":0.2661949396133423,"y":-4.447385787963867,"z":0.0},"rotation":{"x":-0.05577617138624191,"y":0.012577314861118794,"z":-0.0007025703089311719,"w":-0.9983645081520081},"size":2.537015676498413,"orthographic":false}