{"cameraMode":{"drawMode":0,"name":"Shaded","section":"Shading Mode"},"sceneLighting":false,"audioPlay":false,"sceneViewState":{"showFog":true,"showMaterialUpdate":false,"showSkybox":true,"showFlares":true,"showImageEffects":true,"showParticleSystems":true},"in2DMode":false,"pivot":{"x":-6.340000629425049,"y":1.4600000381469727,"z":-14.635014533996582},"rotation":{"x":-0.030225085094571115,"y":0.07250025123357773,"z":-0.002198026282712817,"w":-0.9969086050987244},"size":75.59990692138672,"orthographic":false}